{"n8": [498.0670952796936, 580.7721304893494, 1570.8418822288513, 1703.0801796913147, 100.0], "n7": [148.32271993160248, 241.40191733837128, 1564.458725452423, 1711.5314412117004, 99.0], "n2": [497.63025999069214, 579.6884107589722, 1210.7440495491028, 1363.618004322052, 99.0], "n0": [499.99252438545227, 582.2911405563354, 1738.9072608947754, 1884.7041606903076, 99.0], "n6": [838.8036417961121, 930.2708745002747, 1389.7930240631104, 1543.2105731964111, 99.0], "n5": [499.02602791786194, 582.7270746231079, 1389.4130516052246, 1544.938931465149, 99.0], "n1": [156.74740970134735, 238.18275153636932, 1213.547773361206, 1365.589485168457, 98.0], "n3": [838.1529593467712, 923.4129595756531, 1210.4867935180664, 1362.169189453125, 98.0], "call": [462.3737382888794, 618.2836389541626, 1947.8117966651917, 2108.3316779136658, 98.0], "n4": [158.22786033153534, 235.89293897151947, 1389.6539998054504, 1537.279007434845, 96.0], "message": [58.10149937868118, 156.56673073768616, 371.7417937517166, 460.06588876247406, 95.0], "n9": [834.377224445343, 937.9240536689758, 1568.1654953956604, 1717.7786993980408, 90.0], "star": [159.02658462524414, 231.9161832332611, 1761.6584515571594, 1848.145945072174, 86.0], "sign": [848.6009573936462, 923.5059142112732, 1761.7122673988342, 1852.0103573799133, 79.0]}